<?xml version="1.0" encoding="utf-8" standalone="yes" ?>
<Window size="242,422" sizebox="4,4,6,6" caption="0,0,0,67" mininfo="240,420" maxinfo="240,420" roundcorner="3,3">
  <Font name="Arial" size="12" bold="false" italic="false" default="true" />
  <Font name="Arial" size="12" bold="true" italic="false" />
  <VerticalLayout width="242" height="422" bordercolor="#FFFBB000" bordersize="1">
    <VerticalLayout width="240" height="420" padding="1,1,0,0">
      <HorizontalLayout width="240" height="64" bkimage="bg_dc_title.png" bkcolor="#FFFFFFFF">
        <Button name="closebtn" width="46" height="32" padding="194,0,0,0" textcolor="#FF000000" disabledtextcolor="#FFA7A6AA" align="center"
                normalimage="file=&apos;btn_close.png&apos; source=&apos;0,0,46,32&apos;" hotimage="file=&apos;btn_close.png&apos; source=&apos;46,0,92,46&apos;" pushedimage="file=&apos;btn_close.png&apos; source=&apos;92,0,138,32&apos;" />
      </HorizontalLayout>
      <HorizontalLayout width="240" height="185" bkcolor="#FFF0F0F0">
        <Button name="HoneyElfLogo" width="143" height="119" padding="48,46,0,0" bkimage="jz_logo.png" textcolor="#FF000000" disabledtextcolor="#FFA7A6AA" enable="false" align="center" />
      </HorizontalLayout>
      <HorizontalLayout width="240" height="27" bkcolor="#FFF0F0F0">
        <Progress name="pack_progress" text="0%" height="27" padding="20,0,0,0" bkimage="bg_jd_grey.png" textpadding="0,5,0,0" textcolor="#FF000000" disabledtextcolor="#FFA7A6AA" align="center" foreimage="bg_jd_blue.png" min="0" max="100" value="0" hor="true" />
      </HorizontalLayout>
      <HorizontalLayout width="240" height="69" bkcolor="#FFF0F0F0">
        <Label name="pack_state" text="正在上传蜂窝小精灵" width="200" height="16" padding="20,20,0,0" textcolor="#FFAAAAAA" disabledtextcolor="#FFA7A6AA" showhtml="true" align="center" />
      </HorizontalLayout>
      <HorizontalLayout width="240" height="86" bkcolor="#FFF0F0F0">
        <Button name="HoneyElfCheckOk" width="217" height="34" padding="11,0,0,0" textcolor="#FF000000" disabledtextcolor="#FFA7A6AA" align="center"
                normalimage="file=&apos;btn_confirm.png&apos; source=&apos;0,0,217,34&apos;" hotimage="file=&apos;btn_confirm.png&apos; source=&apos;217,0,434,34&apos;" pushedimage="file=&apos;btn_confirm.png&apos; source=&apos;434,0,651,34&apos;" disabledimage="file=&apos;btn_confirm.png&apos; source=&apos;651,0,886,34&apos;" />
      </HorizontalLayout>
    </VerticalLayout>
  </VerticalLayout>
</Window>
