<?xml version="1.0" encoding="utf-8" standalone="yes" ?>
<Window size="630,563" sizebox="4,4,6,6" caption="0,0,0,67" mininfo="240,420" maxinfo="240,420" roundcorner="3,3">
  <Font name="Arial" size="12" bold="false" italic="false" default="true" />
  <Font name="Arial" size="12" bold="true" italic="false" />
  <Default name="VScrollBar" value="button1normalimage=&quot;file=&apos;scrollbar.bmp&apos; source=&apos;0,90,16,106&apos; mask=&apos;#FFFF00FF&apos;&quot; button1hotimage=&quot;file=&apos;scrollbar.bmp&apos; source=&apos;18,90,34,106&apos; mask=&apos;#FFFF00FF&apos;&quot; button1pushedimage=&quot;file=&apos;scrollbar.bmp&apos; source=&apos;36,90,52,106&apos; mask=&apos;#FFFF00FF&apos;&quot; button1disabledimage=&quot;file=&apos;scrollbar.bmp&apos; source=&apos;54,90,70,106&apos; mask=&apos;#FFFF00FF&apos;&quot; button2normalimage=&quot;file=&apos;scrollbar.bmp&apos; source=&apos;0,108,16,124&apos; mask=&apos;#FFFF00FF&apos;&quot; button2hotimage=&quot;file=&apos;scrollbar.bmp&apos; source=&apos;18,108,34,124&apos; mask=&apos;#FFFF00FF&apos;&quot; button2pushedimage=&quot;file=&apos;scrollbar.bmp&apos; source=&apos;36,108,52,124&apos; mask=&apos;#FFFF00FF&apos;&quot; button2disabledimage=&quot;file=&apos;scrollbar.bmp&apos; source=&apos;54,108,70,124&apos; mask=&apos;#FFFF00FF&apos;&quot; thumbnormalimage=&quot;file=&apos;scrollbar.bmp&apos; source=&apos;0,126,16,142&apos; corner=&apos;2,2,2,2&apos; mask=&apos;#FFFF00FF&apos;&quot; thumbhotimage=&quot;file=&apos;scrollbar.bmp&apos; source=&apos;18,126,34,142&apos; corner=&apos;2,2,2,2&apos; mask=&apos;#FFFF00FF&apos;&quot; thumbpushedimage=&quot;file=&apos;scrollbar.bmp&apos; source=&apos;36,126,52,142&apos; corner=&apos;2,2,2,2&apos; mask=&apos;#FFFF00FF&apos;&quot; thumbdisabledimage=&quot;file=&apos;scrollbar.bmp&apos; source=&apos;54,126,70,142&apos; corner=&apos;2,2,2,2&apos; mask=&apos;#FFFF00FF&apos;&quot; railnormalimage=&quot;file=&apos;scrollbar.bmp&apos; source=&apos;0,144,16,160&apos; corner=&apos;2,2,2,2&apos; mask=&apos;#FFFF00FF&apos;&quot; railhotimage=&quot;file=&apos;scrollbar.bmp&apos; source=&apos;18,144,34,160&apos; corner=&apos;2,2,2,2&apos; mask=&apos;#FFFF00FF&apos;&quot; railpushedimage=&quot;file=&apos;scrollbar.bmp&apos; source=&apos;36,144,52,160&apos; corner=&apos;2,2,2,2&apos; mask=&apos;#FFFF00FF&apos;&quot; raildisabledimage=&quot;file=&apos;scrollbar.bmp&apos; source=&apos;54,144,70,160&apos; corner=&apos;2,2,2,2&apos; mask=&apos;#FFFF00FF&apos;&quot; bknormalimage=&quot;file=&apos;scrollbar.bmp&apos; source=&apos;0,162,16,178&apos; corner=&apos;2,2,2,2&apos; mask=&apos;#FFFF00FF&apos;&quot; bkhotimage=&quot;file=&apos;scrollbar.bmp&apos; source=&apos;18,162,34,178&apos; corner=&apos;2,2,2,2&apos; mask=&apos;#FFFF00FF&apos;&quot; bkpushedimage=&quot;file=&apos;scrollbar.bmp&apos; source=&apos;36,162,52,178&apos; corner=&apos;2,2,2,2&apos; mask=&apos;#FFFF00FF&apos;&quot; bkdisabledimage=&quot;file=&apos;scrollbar.bmp&apos; source=&apos;54,162,70,178&apos; corner=&apos;2,2,2,2&apos; mask=&apos;#FFFF00FF&apos;&quot; " />
    <Default name="CheckBox" value="textcolor=&quot;#FFbac0c5&quot; hottextcolor=&quot;#FF386382&quot; selectedtextcolor=&quot;#FF386382&quot; disabledtextcolor=&quot;#FFbac0c5&quot; textpadding=&quot;20,2,0,0&quot; align=&quot;left&quot; selectedimage=&quot;file=&apos;checkbox.png&apos; source='0,0,16,16'  dest=&apos;0,2,16,18&apos;&quot; normalimage=&quot;file=&apos;checkbox.png&apos; source='16,0,32,16' dest=&apos;0,2,16,18&apos;&quot;" />
  <VerticalLayout width="630" height="563" bordersize="0" bordercolor="#FF000000" bordersize="1" float="false">
	<HorizontalLayout width="628" height="66" bkcolor="#FF3B83E1" padding="1,1">
		<Label  width="48" height="48"  textcolor="#FFFFFFFF" disabledtextcolor="#FFA7A6AA" bkimage="shareicon.png" align="center" padding="10,10,0,0"/>
		<Label text="分享工具" width="70" height="16"  textcolor="#FFFFFFFF" disabledtextcolor="#FFA7A6AA" showhtml="true" align="center" padding="10,25,0,0"/>
        <Button name="closebtn" width="46" height="32" padding="433,15,0,0" textcolor="#FF000000" disabledtextcolor="#FFA7A6AA" align="center"normalimage="file=&apos;btn_close.png&apos; source=&apos;0,0,46,32&apos;" hotimage="file=&apos;btn_close.png&apos; source=&apos;46,0,92,46&apos;" pushedimage="file=&apos;btn_close.png&apos; source=&apos;92,0,138,32&apos;" />
    </HorizontalLayout>
    <HorizontalLayout width="628" height="495" padding="1,0" float="false" bkcolor="#FFFFFFFF">
		<VerticalLayout width="64" height="495" pos="0,0" bkcolor="#FFE6E6E6" >
			<Button name="android"  width="64" height="64"  textcolor="#FF000000"  normalimage="file=&apos;sharebtnicon.png&apos; source=&apos;0,0,64,64&apos;" pushedimage="file=&apos;sharebtnicon.png&apos; source=&apos;64,0,128,64&apos;" hotimage="file=&apos;sharebtnicon.png&apos; source=&apos;128,0,192,64&apos;" visible="false"/>
			<Button name="apple"  width="64" height="64"  textcolor="#FF000000"  normalimage="file=&apos;sharebtnicon.png&apos; source=&apos;384,0,448,64&apos;" pushedimage="file=&apos;sharebtnicon.png&apos; source=&apos;320,0,384,64&apos;" hotimage="file=&apos;sharebtnicon.png&apos; source=&apos;384,0,448,64&apos;" />
		</VerticalLayout>
		<VerticalLayout width="564" height="495" pos="50,0" float="false">
			<VerticalLayout width="564" height="207" >
					<Edit name="iostoolname" width="520" height="28" bkimage="nameedit.png" tipvalue="工具标题" padding="20,16,0,0"  />
					<RichEdit name="iostooldes" width="520" height="115"  padding="20,15,0,0" autovscroll="true" vscrollbar="true" inset="4,2,4,2" bkimage="tooldes.png"/>
					<Label text="建议图片小于2MB大小; 支持PNG和JPG格式; 支持最多上传5张图" width="400" height="16" textcolor="#FF000000" disabledtextcolor="#FFA7A6AA" showhtml="true" align="left" padding="20,10,0,0"/>
			</VerticalLayout>
			<HorizontalLayout width="564" height="87" >
				<Button name="pic1" width="84" height="84" pos="20,1,0,0" bkimage="addpic.png" textcolor="#FF000000" disabledtextcolor="#FFA7A6AA" align="center" float="true"/>
				<Button name="delpic1" width="22" height="22" pos="82,2,0,0" bkimage="delbtn.png" textcolor="#FF000000" disabledtextcolor="#FFA7A6AA" align="center"  float="true" />
				<Button name="pic2" width="84" height="84" pos="127,1,0,0" bkimage="addpic.png" textcolor="#FF000000" disabledtextcolor="#FFA7A6AA" align="center" float="true"/>
				<Button name="delpic2" width="22" height="22" pos="189,2,0,0" bkimage="delbtn.png" textcolor="#FF000000" disabledtextcolor="#FFA7A6AA" align="center"   float="true" />
				<Button name="pic3" width="84" height="84" pos="234,1,0,0" bkimage="addpic.png" textcolor="#FF000000" disabledtextcolor="#FFA7A6AA" align="center" float="true"/>
				<Button name="delpic3" width="22" height="22" pos="296,2,0,0" bkimage="delbtn.png" textcolor="#FF000000" disabledtextcolor="#FFA7A6AA" align="center"   float="true" />
				<Button name="pic4" width="84" height="84" pos="341,1,0,0" bkimage="addpic.png" textcolor="#FF000000" disabledtextcolor="#FFA7A6AA" align="center"  float="true"/>
				<Button name="delpic4" width="22" height="22" pos="403,2,0,0" bkimage="delbtn.png" textcolor="#FF000000" disabledtextcolor="#FFA7A6AA" align="center"   float="true" />
				<Button name="pic5" width="84" height="84" pos="448,1,0,0" bkimage="addpic.png" textcolor="#FF000000" disabledtextcolor="#FFA7A6AA" align="center" float="true"/>
				<Button name="delpic5" width="22" height="22" pos="510,2,0,0" bkimage="delbtn.png" textcolor="#FF000000" disabledtextcolor="#FFA7A6AA" align="center"   float="true" />
			</HorizontalLayout>
			<HorizontalLayout width="564" height="200" float="false" bkcolor="#FFFFFFFF" >
				<VerticalLayout width="414" height="200" >
					<HorizontalLayout name ="iosreslayout" width="414" height="25"  >
						<Label text="Iphone分辨率" width="90" height="20" textcolor="#FF000000" disabledtextcolor="#FFA7A6AA" showhtml="true" align="center" padding="40,0,0,0"/>
						<Button name="showresolution" text="(<u>点击查看</u>)" width="60" height="20" padding="5,0" textcolor="#FF3B83E1"  float="false" showhtml="true" />
					</HorizontalLayout>
					<VerticalLayout width="380" height="140" bordercolor="#FF000000" bordersize="1" padding="20,0,0,0">
						<List name="iosreslist" width="378" height="138" padding="1,1,0,0"  menu="true" itemtextcolor="#FF000000" itembkcolor="#FFFFFFFF" itemselectedtextcolor="#FF000000" itemselectedbkcolor="#FFC1E3FF" itemhottextcolor="#FF000000" itemhotbkcolor="#FFE9F5FF" itemdisabledtextcolor="#FFCCCCCC" itemdisabledbkcolor="#FFFFFFFF" headerbkimage="file=&apos;list_header_bg.png&apos;" itemshowhtml="true" vscrollbar="true" itemalign="center"  itemlinecolor="#FFF0F0F0" >
							<ListHeader height="21" bkimage="file=&apos;list_header_bg.png&apos;" menu="true">
								<ListHeaderItem text="选择" width="190" maxwidth="190" minwidth="190" textcolor="#FF000000" sepwidth="2" align="center" hotimage="file=&apos;list_header_hot.png&apos;" pushedimage="file=&apos;list_header_pushed.png&apos;" sepimage="file=&apos;list_header_sep.png&apos;" />
								<ListHeaderItem text="操作" width="190" maxwidth="190" minwidth="190" textcolor="#FF000000" sepwidth="2" align="center" hotimage="file=&apos;list_header_hot.png&apos;" pushedimage="file=&apos;list_header_pushed.png&apos;" sepimage="file=&apos;list_header_sep.png&apos;" />
							</ListHeader>
						</List>
					</VerticalLayout>
					<HorizontalLayout width="414" height="35"  >
						<Label text="宽" width="30" height="20" textcolor="#FF000000" disabledtextcolor="#FFA7A6AA" showhtml="true" align="center" padding="20,5,0,0"/>
						<Edit name="reswidth" width="100" height="22" bordersize="1" bordercolor="FF000000"  padding="0,5,0,0"/>
						<Label text="高" width="30" height="20" textcolor="#FF000000" disabledtextcolor="#FFA7A6AA" showhtml="true" align="center" padding="30,5,0,0"/>
						<Edit name="resheight" width="100" height="22" bordersize="1" bordercolor="FF000000"  padding="0,5,0,0"/>
						<Button name="addres" width="66" height="26" padding="27,5,0,0" textcolor="#FF000000" showhtml="true" float="false" normalimage="file=&apos;adddpibtn.png&apos; source=&apos;0,0,66,26&apos;" pushedimage="file=&apos;adddpibtn.png&apos; source=&apos;132,0,198,26&apos;" hotimage="file=&apos;adddpibtn.png&apos; source=&apos;66,0,132,26&apos;" />
					</HorizontalLayout>
				</VerticalLayout>
				<HorizontalLayout width="150" height="200"  float="false">
					<Button name="startbtn"  width="129" height="129"  pos="5,30,0,0"  textcolor="#FF000000"  float="true" normalimage="file=&apos;sharebtn.png&apos; source=&apos;0,0,129,129&apos;" hotimage="file=&apos;sharebtn.png&apos; source=&apos;129,0,258,129&apos;" pushedimage="file=&apos;sharebtn.png&apos; source=&apos;258,0,387,129&apos;" />
					<ButtonGif name="reserchbtn"  align="center" size="128 128" height="128"  textcolor="#FF000000" width="128" pos="5,20,0,0" float="true" NormalGifFile="TaskWorking.gif" enable="false" visible="false"/>
				</HorizontalLayout>
			</HorizontalLayout>
		</VerticalLayout>
    </HorizontalLayout>
  </VerticalLayout>
</Window>
