<?xml version="1.0" encoding="utf-8" standalone="yes" ?>
<Window size="300,338" sizebox="4,4,6,6" caption="0,0,0,67" mininfo="240,420" maxinfo="240,420" roundcorner="3,3">
  <Font name="微软雅黑" size="14" bold="false" italic="false" default="true" />
  <Font name="微软雅黑" size="17" bold="true" italic="false" />
  <Font name="微软雅黑" size="15" bold="true" italic="false" />
  <Default name="VScrollBar" value="button1normalimage=&quot;file=&apos;scrollbar.bmp&apos; source=&apos;0,90,16,106&apos; mask=&apos;#FFFF00FF&apos;&quot; button1hotimage=&quot;file=&apos;scrollbar.bmp&apos; source=&apos;18,90,34,106&apos; mask=&apos;#FFFF00FF&apos;&quot; button1pushedimage=&quot;file=&apos;scrollbar.bmp&apos; source=&apos;36,90,52,106&apos; mask=&apos;#FFFF00FF&apos;&quot; button1disabledimage=&quot;file=&apos;scrollbar.bmp&apos; source=&apos;54,90,70,106&apos; mask=&apos;#FFFF00FF&apos;&quot; button2normalimage=&quot;file=&apos;scrollbar.bmp&apos; source=&apos;0,108,16,124&apos; mask=&apos;#FFFF00FF&apos;&quot; button2hotimage=&quot;file=&apos;scrollbar.bmp&apos; source=&apos;18,108,34,124&apos; mask=&apos;#FFFF00FF&apos;&quot; button2pushedimage=&quot;file=&apos;scrollbar.bmp&apos; source=&apos;36,108,52,124&apos; mask=&apos;#FFFF00FF&apos;&quot; button2disabledimage=&quot;file=&apos;scrollbar.bmp&apos; source=&apos;54,108,70,124&apos; mask=&apos;#FFFF00FF&apos;&quot; thumbnormalimage=&quot;file=&apos;scrollbar.bmp&apos; source=&apos;0,126,16,142&apos; corner=&apos;2,2,2,2&apos; mask=&apos;#FFFF00FF&apos;&quot; thumbhotimage=&quot;file=&apos;scrollbar.bmp&apos; source=&apos;18,126,34,142&apos; corner=&apos;2,2,2,2&apos; mask=&apos;#FFFF00FF&apos;&quot; thumbpushedimage=&quot;file=&apos;scrollbar.bmp&apos; source=&apos;36,126,52,142&apos; corner=&apos;2,2,2,2&apos; mask=&apos;#FFFF00FF&apos;&quot; thumbdisabledimage=&quot;file=&apos;scrollbar.bmp&apos; source=&apos;54,126,70,142&apos; corner=&apos;2,2,2,2&apos; mask=&apos;#FFFF00FF&apos;&quot; railnormalimage=&quot;file=&apos;scrollbar.bmp&apos; source=&apos;0,144,16,160&apos; corner=&apos;2,2,2,2&apos; mask=&apos;#FFFF00FF&apos;&quot; railhotimage=&quot;file=&apos;scrollbar.bmp&apos; source=&apos;18,144,34,160&apos; corner=&apos;2,2,2,2&apos; mask=&apos;#FFFF00FF&apos;&quot; railpushedimage=&quot;file=&apos;scrollbar.bmp&apos; source=&apos;36,144,52,160&apos; corner=&apos;2,2,2,2&apos; mask=&apos;#FFFF00FF&apos;&quot; raildisabledimage=&quot;file=&apos;scrollbar.bmp&apos; source=&apos;54,144,70,160&apos; corner=&apos;2,2,2,2&apos; mask=&apos;#FFFF00FF&apos;&quot; bknormalimage=&quot;file=&apos;scrollbar.bmp&apos; source=&apos;0,162,16,178&apos; corner=&apos;2,2,2,2&apos; mask=&apos;#FFFF00FF&apos;&quot; bkhotimage=&quot;file=&apos;scrollbar.bmp&apos; source=&apos;18,162,34,178&apos; corner=&apos;2,2,2,2&apos; mask=&apos;#FFFF00FF&apos;&quot; bkpushedimage=&quot;file=&apos;scrollbar.bmp&apos; source=&apos;36,162,52,178&apos; corner=&apos;2,2,2,2&apos; mask=&apos;#FFFF00FF&apos;&quot; bkdisabledimage=&quot;file=&apos;scrollbar.bmp&apos; source=&apos;54,162,70,178&apos; corner=&apos;2,2,2,2&apos; mask=&apos;#FFFF00FF&apos;&quot; " />
  <VerticalLayout width="300" height="338" bordercolor="#FF000000" bordersize="1">
    <VerticalLayout width="298" height="336" padding="1,1,0,0" bkcolor="#FFFFFFFF" >
		<VerticalLayout width="25" height="21" padding="258,11,0,0" bkcolor="#FFFFFFFF" >
			<Button name="closebtn" width="20" height="20"  textcolor="#FF000000" disabledtextcolor="#FFA7A6AA" align="center"normalimage="file=&apos;blueclose.png&apos; source=&apos;0,0,20,20&apos;" hotimage="file=&apos;blueclose.png&apos; source=&apos;20,0,40,20&apos;" pushedimage="file=&apos;blueclose.png&apos; source=&apos;40,0,60,20&apos;" />
		</VerticalLayout>
		<Label name ="title" text="" width="298" height="22"  textcolor="#FF000000" disabledtextcolor="#FFA7A6AA" showhtml="true" align="center" padding="0,0,0,0" font="1" />
		<Label text="版本1.0.0" width="298" height="16"  textcolor="#FF000000" disabledtextcolor="#FFA7A6AA" showhtml="true" align="center" padding="0,5,0,0" font="2"/>
		<Label name="QRCode" width="169" height="170" padding="66,10,0,0"  disabledtextcolor="#FFA7A6AA"  align="center" />
		<Label text="请使用按键精灵IOS端扫描二维码" width="298" height="22"  textcolor="#FF000000" disabledtextcolor="#FFA7A6AA" showhtml="true" align="center" padding="0,10,0,0" font="1" />
		<Button name="savebtn" text="<u>保存二维码</u>" width="70" height="32" padding="117,10,0,0" textcolor="#FF2786E4" showhtml="true" float="false" />
    </VerticalLayout>
  </VerticalLayout>
</Window>
