<?xml version="1.0" encoding="utf-8" standalone="yes" ?>
<Window size="242,422" sizebox="4,4,6,6" caption="0,0,0,67" mininfo="240,420" maxinfo="240,420" roundcorner="3,3">
  <Font name="Arial" size="12" bold="false" italic="false" default="true" />
  <Font name="Arial" size="12" bold="true" italic="false" />
  <VerticalLayout width="242" height="422" bordercolor="#FFFBB000" bordersize="1">
    <VerticalLayout width="240" height="420" padding="1,1,0,0">
      <HorizontalLayout width="240" height="64" bkimage="bg_dc_title.png" bkcolor="#FFFFFFFF">
        <Button name="closebtn" width="46" height="32" padding="194,0,0,0" textcolor="#FF000000" disabledtextcolor="#FFA7A6AA" align="center"
                normalimage="file=&apos;btn_close.png&apos; source=&apos;0,0,46,32&apos;" hotimage="file=&apos;btn_close.png&apos; source=&apos;46,0,92,46&apos;" pushedimage="file=&apos;btn_close.png&apos; source=&apos;92,0,138,32&apos;" />
      </HorizontalLayout>
      <HorizontalLayout width="240" height="165" bkcolor="#FFF0F0F0">
        <Button name="HoneyElfLogo" width="144" height="144" padding="48,15,0,0" bkimage="6.png" textcolor="#FF000000" disabledtextcolor="#FFA7A6AA" align="center" />
      </HorizontalLayout>
      <HorizontalLayout width="240" height="48" bkcolor="#FFF0F0F0">
        <Button name="exploror" width="66" height="26" padding="87,10,0,0" textcolor="#FF000000" disabledtextcolor="#FFA7A6AA" align="center"
                normalimage="file=&apos;ChangeIcon.png&apos; source=&apos;198,0,264,26&apos;" pushedimage="file=&apos;ChangeIcon.png&apos; source=&apos;264,0,330,26&apos;" disabledimage="file=&apos;ChangeIcon.png&apos; source=&apos;330,0,396,26&apos;" />
      </HorizontalLayout>
      <HorizontalLayout width="240" height="250" bkcolor="#FFF0F0F0">
        <Button name="HoneyElfCheckOk" width="129" height="129" padding="55,5,0,0" textcolor="#FF000000" disabledtextcolor="#FFA7A6AA" align="center"
                normalimage="file=&apos;btn_sc.png&apos; source=&apos;387,0,516,129&apos;" hotimage="file=&apos;btn_sc.png&apos; source=&apos;516,0,645,129&apos;" pushedimage="file=&apos;btn_sc.png&apos; source=&apos;645,0,774,129&apos;" />
      </HorizontalLayout>
    </VerticalLayout>
  </VerticalLayout>
</Window>
