<?xml version="1.0" encoding="utf-8" standalone="yes" ?>
<Window size="242,422" sizebox="4,4,6,6" caption="0,0,0,67" mininfo="240,420" maxinfo="240,420" roundcorner="3,3">
  <Font name="Arial" size="12" bold="false" italic="false" default="true" />
  <Font name="Arial" size="12" bold="true" italic="false" />
  <VerticalLayout width="242" height="422" bordercolor="#FFFBB000" bordersize="1">
    <VerticalLayout width="240" height="420" padding="1,1,0,0">
      <HorizontalLayout width="240" height="64" bkimage="bg_bd_logo.png" bkcolor="#FFFFFFFF">
        <Button name="closebtn" width="46" height="32" padding="194,0,0,0" textcolor="#FF000000" disabledtextcolor="#FFA7A6AA" align="center"
                normalimage="file=&apos;btn_close.png&apos; source=&apos;0,0,46,32&apos;" hotimage="file=&apos;btn_close.png&apos; source=&apos;46,0,92,46&apos;" pushedimage="file=&apos;btn_close.png&apos; source=&apos;92,0,138,32&apos;" />
      </HorizontalLayout>
      <VerticalLayout width="240" height="356" bkimage="bg_user_login.png" bkcolor="#FFFFFFFF">
        <Edit name="username" width="190" height="30" padding="40,18,0,0" bkcolor="#FFFFFFFF" textpadding="4,3,4,3" textcolor="#FF000000" disabledtextcolor="#FFA7A6AA" />
        <Edit name="password" width="190" height="30" padding="40,15,0,0" bkcolor="#FFFFFFFF" textpadding="4,3,4,3" textcolor="#FF000000" disabledtextcolor="#FFA7A6AA" password="true" />
        <Label name="errortext" text="用户名或密码错误！" bordersize="1" width="210" height="19" padding="26,5,0,0" bkcolor="#00B9D1EF" textcolor="#00FF0000" disabledtextcolor="#FFA7A6AA" />
        <HorizontalLayout width="240" height="36" padding="0,5,0,0" bkcolor="#FFF0F0F0">
          <Button name="HoneyElfCheckOk" width="224" height="36" padding="10,0,0,0" textcolor="#FF000000" disabledtextcolor="#FFA7A6AA" align="center"
                  normalimage="file=&apos;btn_binding .png&apos; source=&apos;0,0,224,36&apos;" hotimage="file=&apos;btn_binding .png&apos; source=&apos;224,0,448,36&apos;" pushedimage="file=&apos;btn_binding .png&apos; source=&apos;448,0,672,36&apos;" />
        </HorizontalLayout>
      </VerticalLayout>
    </VerticalLayout>
  </VerticalLayout>
</Window>