<?xml version="1.0" encoding="utf-8" standalone="yes" ?>
<Window size="391,272" sizebox="4,4,6,6" caption="0,0,0,67" mininfo="240,420" maxinfo="240,420" roundcorner="3,3">
  <Font name="Arial" size="12" bold="false" italic="false" default="true" />
  <Font name="Arial" size="12" bold="true" italic="false" />
  <Default name="VScrollBar" value="button1normalimage=&quot;file=&apos;scrollbar.bmp&apos; source=&apos;0,90,16,106&apos; mask=&apos;#FFFF00FF&apos;&quot; button1hotimage=&quot;file=&apos;scrollbar.bmp&apos; source=&apos;18,90,34,106&apos; mask=&apos;#FFFF00FF&apos;&quot; button1pushedimage=&quot;file=&apos;scrollbar.bmp&apos; source=&apos;36,90,52,106&apos; mask=&apos;#FFFF00FF&apos;&quot; button1disabledimage=&quot;file=&apos;scrollbar.bmp&apos; source=&apos;54,90,70,106&apos; mask=&apos;#FFFF00FF&apos;&quot; button2normalimage=&quot;file=&apos;scrollbar.bmp&apos; source=&apos;0,108,16,124&apos; mask=&apos;#FFFF00FF&apos;&quot; button2hotimage=&quot;file=&apos;scrollbar.bmp&apos; source=&apos;18,108,34,124&apos; mask=&apos;#FFFF00FF&apos;&quot; button2pushedimage=&quot;file=&apos;scrollbar.bmp&apos; source=&apos;36,108,52,124&apos; mask=&apos;#FFFF00FF&apos;&quot; button2disabledimage=&quot;file=&apos;scrollbar.bmp&apos; source=&apos;54,108,70,124&apos; mask=&apos;#FFFF00FF&apos;&quot; thumbnormalimage=&quot;file=&apos;scrollbar.bmp&apos; source=&apos;0,126,16,142&apos; corner=&apos;2,2,2,2&apos; mask=&apos;#FFFF00FF&apos;&quot; thumbhotimage=&quot;file=&apos;scrollbar.bmp&apos; source=&apos;18,126,34,142&apos; corner=&apos;2,2,2,2&apos; mask=&apos;#FFFF00FF&apos;&quot; thumbpushedimage=&quot;file=&apos;scrollbar.bmp&apos; source=&apos;36,126,52,142&apos; corner=&apos;2,2,2,2&apos; mask=&apos;#FFFF00FF&apos;&quot; thumbdisabledimage=&quot;file=&apos;scrollbar.bmp&apos; source=&apos;54,126,70,142&apos; corner=&apos;2,2,2,2&apos; mask=&apos;#FFFF00FF&apos;&quot; railnormalimage=&quot;file=&apos;scrollbar.bmp&apos; source=&apos;0,144,16,160&apos; corner=&apos;2,2,2,2&apos; mask=&apos;#FFFF00FF&apos;&quot; railhotimage=&quot;file=&apos;scrollbar.bmp&apos; source=&apos;18,144,34,160&apos; corner=&apos;2,2,2,2&apos; mask=&apos;#FFFF00FF&apos;&quot; railpushedimage=&quot;file=&apos;scrollbar.bmp&apos; source=&apos;36,144,52,160&apos; corner=&apos;2,2,2,2&apos; mask=&apos;#FFFF00FF&apos;&quot; raildisabledimage=&quot;file=&apos;scrollbar.bmp&apos; source=&apos;54,144,70,160&apos; corner=&apos;2,2,2,2&apos; mask=&apos;#FFFF00FF&apos;&quot; bknormalimage=&quot;file=&apos;scrollbar.bmp&apos; source=&apos;0,162,16,178&apos; corner=&apos;2,2,2,2&apos; mask=&apos;#FFFF00FF&apos;&quot; bkhotimage=&quot;file=&apos;scrollbar.bmp&apos; source=&apos;18,162,34,178&apos; corner=&apos;2,2,2,2&apos; mask=&apos;#FFFF00FF&apos;&quot; bkpushedimage=&quot;file=&apos;scrollbar.bmp&apos; source=&apos;36,162,52,178&apos; corner=&apos;2,2,2,2&apos; mask=&apos;#FFFF00FF&apos;&quot; bkdisabledimage=&quot;file=&apos;scrollbar.bmp&apos; source=&apos;54,162,70,178&apos; corner=&apos;2,2,2,2&apos; mask=&apos;#FFFF00FF&apos;&quot; " />
  <VerticalLayout width="391" height="272" bordercolor="#FF000000" bordersize="1">
	<HorizontalLayout width="389" height="46"  bkcolor="#FF448DEB" padding="1,1,0,0">
		<Label  width="20" height="20"  textcolor="#FF000000" disabledtextcolor="#FFA7A6AA" showhtml="true" align="center" padding="13,13,0,0" bkimage="tipicon.png" />
		<Label text="提示" width="40" height="20"  textcolor="#FF000000" disabledtextcolor="#FFA7A6AA" showhtml="true" align="center" padding="5,13,0,0" />
		<Button name="closebtn" width="46" height="32" padding="260,7,0,0" textcolor="#FF000000" disabledtextcolor="#FFA7A6AA" align="center" normalimage="file=&apos;btn_close.png&apos; source=&apos;0,0,46,32&apos;" hotimage="file=&apos;btn_close.png&apos; source=&apos;46,0,92,46&apos;" pushedimage="file=&apos;btn_close.png&apos; source=&apos;92,0,138,32&apos;" />
	</HorizontalLayout>
    <VerticalLayout width="389" height="180" padding="1,0,0,0" bkcolor="#FFFFFFFF" >
		<Label name="QRCode" width="47" height="46" padding="170,34,0,0"  disabledtextcolor="#FFA7A6AA" enable="false" align="center" bkimage="warningicon.png" />
		<Label name="failres" text="访问网络失败" width="389" height="16"  textcolor="#FF000000" disabledtextcolor="#FFA7A6AA" showhtml="true" align="center" padding="0,10,0,0" />
		<Label text="发布分享工具失败,请稍后重试" width="389" height="16"  textcolor="#FF000000" disabledtextcolor="#FFA7A6AA" showhtml="true" align="center" padding="0,5,0,0" />
	</VerticalLayout>
	<VerticalLayout width="389" height="44" padding="1,0,0,0" bkcolor="#FFE6E6E6" >
		<Button name="ok" text="确定" width="63" height="29" padding="295,10,0,0" textcolor="#FF000000" showhtml="true" float="false" normalimage="file=&apos;commonbutton.png&apos; source=&apos;0,0,74,29&apos;" pushedimage="file=&apos;commonbutton.png&apos; source=&apos;148,0,222,29&apos;" hotimage="file=&apos;commonbutton.png&apos; source=&apos;74,0,148,29&apos;" />
    </VerticalLayout>
  </VerticalLayout>
</Window>
